{
    "test2": {
        "x": 14,
        "y": 5.9970703125,
        "scale": 1,
        "width": 134,
        "height": 36
    },
    "Flare Overlay": {
        "x": 4.5,
        "y": 5.003662109375,
        "scale": 2.180000000000001,
        "width": 189.66000000000008,
        "height": 19.620000000000008
    }
}