{
    "test2": {
        "x": 14,
        "y": 5.9970703125,
        "scale": 1,
        "width": 134,
        "height": 36
    },
    "Flare Overlay": {
        "x": 5,
        "y": 4.0029296875,
        "scale": 2.180000000000001,
        "width": 183.1200000000001,
        "height": 19.620000000000008
    }
}